faculty_id,faculty_name
F1,Faculty 1
F2,Faculty 2
F3,Faculty 3
F4,Faculty 4
F5,Faculty 5
F6,Faculty 6
F7,Faculty 7
F8,Faculty 8
F9,Faculty 9
F10,Faculty 10
F11,Faculty 11
F12,Faculty 12
F13,Faculty 13
F14,Faculty 14
F15,Faculty 15
F16,Faculty 16
F17,Faculty 17
F18,Faculty 18
F19,Faculty 19
F20,Faculty 20
F21,Faculty 21
F22,Faculty 22
F23,Faculty 23
F24,Faculty 24
F25,Faculty 25
F26,Faculty 26
F27,Faculty 27
F28,Faculty 28
F29,Faculty 29
F30,Faculty 30
F31,Faculty 31
F32,Faculty 32
F33,Faculty 33
F34,Faculty 34
F35,Faculty 35
F36,Faculty 36
F37,Faculty 37
F38,Faculty 38
F39,Faculty 39
F40,Faculty 40
F41,Faculty 41
F42,Faculty 42
F43,Faculty 43
F44,Faculty 44
F45,Faculty 45
F46,Faculty 46
F47,Faculty 47
F48,Faculty 48
F49,Faculty 49
F50,Faculty 50
F51,Faculty 51
F52,Faculty 52
F53,Faculty 53
F54,Faculty 54
F55,Faculty 55
F56,Faculty 56
F57,Faculty 57
F58,Faculty 58
F59,Faculty 59
F60,Faculty 60
F61,Faculty 61
F62,Faculty 62
F63,Faculty 63
F64,Faculty 64
F65,Faculty 65
F66,Faculty 66
F67,Faculty 67
F68,Faculty 68
F69,Faculty 69
F70,Faculty 70
F71,Faculty 71
F72,Faculty 72
F73,Faculty 73
F74,Faculty 74
F75,Faculty 75
F76,Faculty 76
F77,Faculty 77
F78,Faculty 78
F79,Faculty 79
F80,Faculty 80
F81,Faculty 81
F82,Faculty 82
F83,Faculty 83
F84,Faculty 84
F85,Faculty 85
F86,Faculty 86
F87,Faculty 87
F88,Faculty 88
F89,Faculty 89
F90,Faculty 90
F91,Faculty 91
F92,Faculty 92
F93,Faculty 93
F94,Faculty 94
F95,Faculty 95
F96,Faculty 96
F97,Faculty 97
F98,Faculty 98
F99,Faculty 99
F100,Faculty 100
F101,Faculty 101
F102,Faculty 102
F103,Faculty 103
F104,Faculty 104
F105,Faculty 105
F106,Faculty 106
F107,Faculty 107
F108,Faculty 108
F109,Faculty 109
F110,Faculty 110
F111,Faculty 111
F112,Faculty 112
F113,Faculty 113
F114,Faculty 114
F115,Faculty 115
F116,Faculty 116
F117,Faculty 117
F118,Faculty 118
F119,Faculty 119
F120,Faculty 120
F121,Faculty 121
F122,Faculty 122
F123,Faculty 123
F124,Faculty 124
F125,Faculty 125
F126,Faculty 126
F127,Faculty 127
F128,Faculty 128
F129,Faculty 129
F130,Faculty 130
F131,Faculty 131
F132,Faculty 132
F133,Faculty 133
F134,Faculty 134
F135,Faculty 135
F136,Faculty 136
F137,Faculty 137
F138,Faculty 138
F139,Faculty 139
F140,Faculty 140
F141,Faculty 141
F142,Faculty 142
F143,Faculty 143
F144,Faculty 144
F145,Faculty 145
F146,Faculty 146
F147,Faculty 147
F148,Faculty 148
F149,Faculty 149
F150,Faculty 150
F151,Faculty 151
F152,Faculty 152
F153,Faculty 153
F154,Faculty 154
F155,Faculty 155
F156,Faculty 156
F157,Faculty 157
F158,Faculty 158
F159,Faculty 159
F160,Faculty 160
F161,Faculty 161
F162,Faculty 162
F163,Faculty 163
F164,Faculty 164
F165,Faculty 165
F166,Faculty 166
F167,Faculty 167
F168,Faculty 168
F169,Faculty 169
F170,Faculty 170
F171,Faculty 171
F172,Faculty 172
F173,Faculty 173
F174,Faculty 174
F175,Faculty 175
F176,Faculty 176
F177,Faculty 177
F178,Faculty 178
F179,Faculty 179
F180,Faculty 180
F181,Faculty 181
F182,Faculty 182
F183,Faculty 183
F184,Faculty 184
F185,Faculty 185
F186,Faculty 186
F187,Faculty 187
F188,Faculty 188
F189,Faculty 189
F190,Faculty 190
F191,Faculty 191
F192,Faculty 192
F193,Faculty 193
F194,Faculty 194
F195,Faculty 195
F196,Faculty 196
F197,Faculty 197
F198,Faculty 198
F199,Faculty 199
F200,Faculty 200
F201,Faculty 201
F202,Faculty 202
F203,Faculty 203
F204,Faculty 204
F205,Faculty 205
F206,Faculty 206
F207,Faculty 207
F208,Faculty 208
F209,Faculty 209
F210,Faculty 210
F211,Faculty 211
F212,Faculty 212
F213,Faculty 213
F214,Faculty 214
F215,Faculty 215
F216,Faculty 216
F217,Faculty 217
F218,Faculty 218
F219,Faculty 219
F220,Faculty 220
F221,Faculty 221
F222,Faculty 222
F223,Faculty 223
F224,Faculty 224
F225,Faculty 225
F226,Faculty 226
F227,Faculty 227
F228,Faculty 228
F229,Faculty 229
F230,Faculty 230
F231,Faculty 231
F232,Faculty 232
F233,Faculty 233
F234,Faculty 234
F235,Faculty 235
F236,Faculty 236
F237,Faculty 237
F238,Faculty 238
F239,Faculty 239
F240,Faculty 240
F241,Faculty 241
F242,Faculty 242
F243,Faculty 243
F244,Faculty 244
F245,Faculty 245
F246,Faculty 246
F247,Faculty 247
F248,Faculty 248
F249,Faculty 249
F250,Faculty 250
